{
  "last_order_epoch": {
    "binance|BTC/USDT": 1768977781.5424352,
    "test_exchange|BTC/USD": 1768977657.71221
  },
  "version": 1
}